osmid,name,amenity,Longitude,Latitude
247439149,Bar Hemingway,bar,2.3275703,48.8688161
247455913,Juvénile's,bar,2.3370822,48.8663165
247467737,Willi's Wine Bar,bar,2.3382902,48.8663449
251010491,Footsie,bar,2.3317879,48.8695611
251023849,Harry's Bar,bar,2.3321035,48.8691942
251699774,10 Bar International,bar,2.3385693,48.8510774
251758249,Buddha Bar,bar,2.3215688,48.8680799
251758263,I Golosi,wine_bar,2.3415929,48.873249
252604389,Chez Justine,bar,2.3778893,48.8656637
252625380,Les marcheurs de planète,wine_bar,2.3773631,48.8567799
264788761,Le Moderne,bar,2.2691302,48.9154646
274247409,Kaskad' Café,bar,2.3828693,48.8826925
274248904,Lou Pascalou,bar,2.3855356,48.8662404
282468472,La Cordonnerie,bar,2.3505855,48.8652332
294038638,Le Navigateur,bar,2.3739646,48.8779867
294266518,25° Est,bar,2.3707556,48.8838984
305903409,Les Caves Populaires,bar,2.3245933,48.884761
308204330,Le Gambetta,bar,2.4030888,48.8595367
418055930,Le little,bar,2.3660388,48.8667141
428061630,Le virginie,bar,2.3851348,48.849738
428164786,Patrick's Le Ballon Vert,bar,2.389517,48.8492104
429660096,La Halte des Taxis,bar,2.3615547,48.8330139
442505759,La Caravane,bar,2.3714311,48.8683391
442547954,La favela Chic,bar,2.3660938,48.8683233
444644415,Bar de l'Hôtel de Ville,bar,2.9564809,48.3848976
446819198,Le Delyss,bar,2.3578049,48.8783181
474696199,L'instant,bar,2.0415248,48.9286742
493163514,Les pères populaires,bar,2.4018663,48.8510126
493761019,Le Jean Bart,bar,2.401582,48.8517859
494663867,Losserand Café,bar,2.3181857,48.8338366
498836529,Le Raymus' Bar,bar,2.1571674,48.9004918
498913739,Blue Note,bar,2.3464815,48.8867306
501609006,Le Maupassant,bar,2.1558602,48.901685
519049977,Le bistrot de Julie,bar,2.4005135,48.8345868
519049990,Au diplomate,bar,2.4007736,48.834455
530272890,Chez Habibi,bar,2.375025,48.8493959
530272911,Flute Gana,bar,2.3723704,48.8464256
534660992,Botak,bar,2.344949,48.8864916
539533571,Les Arcades,bar,2.1004801,49.0482176
540158434,Bijou Bar,bar,2.0925853,49.0490402
540176743,Bar Moderne,bar,2.092414,49.0497553
540914260,Le Fontenoy,bar,2.0998346,49.0497595
540923631,Le Celtique,bar,2.1019647,49.0490367
544898825,Le Flash,bar,2.0978795,49.0511253
546568935,Au Maryland,bar,2.0966183,49.0518324
553539696,Le Paul Bert,bar,2.481045,48.8399557
553539863,Le Chemin de Fer,bar,2.4931695,48.8384839
559709269,Bar de la Mairie,bar,2.0999592,49.0504279
560838202,Le Marigny,bar,2.0953718,49.0477136
568454764,Chez Chen,bar,2.380134,48.8919041
568458031,Le Bergerac,bar,2.3819203,48.8909556
568459562,Mama Kin,bar,2.3833861,48.8895378
594054765,La Fût Gueuze,bar,2.358319,48.8363055
599513255,Open Café,bar,2.3550423,48.8584562
599513533,Cox,bar,2.3548214,48.8582377
599514189,Le Central,bar,2.357564,48.857653
599514799,Le Raidd,bar,2.3534861,48.8589115
599514897,Full Metal,bar,2.3549664,48.8598365
599514968,QG,bar,2.3534175,48.860252
599515061,Quetzal Bar,bar,2.3551661,48.8572292
608868581,Le Fontenoy,bar,2.195106,48.8903929
608913074,Bar Bleu,bar,2.1950098,48.8897816
616313223,Bar-Tabac de la Gare,bar,2.4618564,48.7078246
617928936,La Venus Noire,bar,2.3428569,48.8536005
628365029,Le Verseau,bar,2.1969335,48.8962529
629665565,Karambole cafe,bar,2.327201,48.887279
632929886,Le Bon Coin II,bar,2.1868356,48.8972838
633017879,L'Imprévu,bar,2.1885476,48.8962499
633860388,L'Alternative,bar,2.1884193,48.8911374
639048722,"Bar Restaurant "" Le 202""",bar,2.1820276,48.899828
640569419,La Gagnotte,bar,2.1948948,48.8909156
640569423,L'Apostrophe,bar,2.1949244,48.8910387
640610787,Au Petit bar,bar,2.1972307,48.8898846
640616933,Le Petit Clement,bar,2.1977443,48.889645
640616938,Bar Breton,bar,2.1977544,48.8898553
640635591,Royal de la Boule,bar,2.2007793,48.8867262
640635594,Tabac de la Boule,bar,2.2011169,48.8868819
640691402,L'Acacia,bar,2.2087546,48.8866553
648233605,Le Zola,bar,2.2098725,48.8944133
648581485,Le Balto,bar,2.1998133,48.8916569
648616283,Aux Trois Maronniers,bar,2.204374,48.8929806
656384950,Le Moulin Allard,bar,2.186948,48.894782
667305411,Le Rota,bar,2.3895178,48.8503838
676028807,Le Nouvo Cosmos,bar,2.3889995,48.8753301
678898401,Chez la Vieile Adrienne,bar,2.3423534,48.8608773
679414266,L'Oratoire,bar,2.3405457,48.8617494
681479170,Le Nustrale,bar,2.3408552,48.8646538
685604405,Le Gaillon,bar,2.3345642,48.868971
687096685,Alex's Bar,bar,2.3373664,48.8704581
687218426,Le metropolitain,bar,2.3841166,48.8115398
687751001,Le Louis d'Or,bar,2.339716,48.8693708
689212219,Au Vide Gousset,bar,2.3412156,48.8662163
690289617,Le Longchamp,bar,2.3762969,48.6732024
691742572,La Mutinerie,bar,2.3522237,48.8625665
694089988,Bamboo bar,bar,2.5134634,48.7918217
694089998,L'étincelle,bar,2.5142817,48.7934439
694089999,Café de Paris,bar,2.5142451,48.7936453
694399350,Lounge Paradise,bar,2.3483529,48.8704075
697029196,Le Saint-Louis,bar,2.3568707,48.8523357
700256937,Bear's Den,bar,2.350016,48.859108
702751011,Yono's,bar,2.3576815,48.8577487
702916141,Feria Café,bar,2.3558116,48.8567788
704804856,Le Celtique,bar,2.169536,48.99204
704809745,Au Pigeon Voyageur,bar,2.167953,48.991801
704819800,Bodega 64,bar,2.3580795,48.8554369
705023599,Bar De La Poste,bar,2.165922,48.990271
705033819,Café Du Commerce,bar,2.167853,48.990987
705657876,L'Art Brut Bistrot,bar,2.3511124,48.8621665
706391394,Le Lutèce,bar,2.3550009,48.8643855
706432836,La Trinquette,bar,2.3544256,48.8644586
708488355,Café Bar Les Affiches,bar,2.3445259,48.8530176
708830397,Le Portugal,bar,2.1822294,48.8895399
718851688,La Petite Chaise,bar,2.3669247,48.8609593
725068925,Le Tabac des sports,bar,2.5785237,48.7850985
729117604,Le Sans Souci,bar,2.3361254,48.8813024
747801176,Le Saint-Bandry,bar,2.353132,48.86427
749696090,BarOurcq,bar,2.3771916,48.8864637
770599549,Bergerac,bar,2.4435312,48.8638761
770728185,Café Forum,bar,2.4420478,48.8626362
770728196,La Pêche,bar,2.446561,48.8633184
770728199,Tabac des 7 chemins,bar,2.4467002,48.8679353
770728202,Les Monédières,bar,2.4415701,48.8627118
773602071,Les Parisiens,bar,2.354882,48.8680162
775732044,Café de la Paix,bar,2.4190239,48.805278
775732056,Café le square,bar,2.4201481,48.8049122
775732058,Brasserie de l'Hôtel de Ville,bar,2.4196971,48.8055803
776938194,Le Tennessee,bar,2.3390379,48.8537741
778220091,La Rhumerie,bar,2.3355231,48.853395
795606502,Point Bar,bar,2.3577774,48.8709269
802712707,Le Commerce,bar,2.1331029,48.7020983
806114404,Bar III,bar,2.338545,48.8534529
811326704,El Tonel,bar,2.3323292,48.8643001
812129610,Le Comptoir du Faubourg,bar,2.3211802,48.8706806
813394579,Elysée Lounge,bar,2.316952,48.871252
817974703,Au clair de lune,bar,2.347503,48.8869689
819031352,Le Seven,bar,2.3235567,48.8803557
819101990,L'Atlantique,bar,2.3270417,48.8770026
819176199,Black Tie,bar,2.3270121,48.8766444
822951734,Le Treilhard Bar,bar,2.314835,48.8769627
828825713,Le Crocodile Vert,bar,2.2893109,48.835468
829203592,L'Écluse,bar,2.301724,48.870049
833088653,Le Chaillot,bar,2.298485,48.8683182
836354699,Aux Ours,bar,2.3965533,48.8675571
837769005,Le Narval,bar,2.4056082,48.8526933
842330788,La nébuleuse,bar,2.2902097,48.7630284
857552673,Le Val d'Yerres,bar,2.4908502,48.715917
867450191,Bar de l'industrie,bar,2.3994808,48.8935929
867465826,Le montgolfier,bar,2.4018949,48.8938098
867530737,La chope de l'est,bar,2.3995856,48.8974855
867531159,Le relais du pont,bar,2.3989475,48.8976607
870139090,Le 107,bar,2.2329196,48.8347343
870147959,Brasserie de l'Avenue,bar,2.2353568,48.8312484
887165255,Alfama,bar,2.2140858,48.8844902
887166084,Le Relais des Bergères,bar,2.2258759,48.885364
887167234,Le Cheval Blanc,bar,2.2210226,48.9106978
887167432,La Bergère,bar,2.2262111,48.8853404
892913317,Le Sous Bock Tavern,bar,2.3451379,48.8608729
894713103,Le narval,bar,2.4038197,48.8948135
909529763,Le Gandon,bar,2.3608058,48.8219547
914241249,L'Apostrophe,bar,2.3662628,48.8746858
916588773,Café Leon,bar,2.3534684,48.8903045
916889382,Le Renouveau,bar,2.4966622,48.9427839
918317353,Landon Café,bar,2.3624653,48.8804191
919869826,Brasserie de la Gare,bar,2.4933589,48.9323616
919869922,Le Relais,bar,2.4934737,48.9327222
920623784,Le Maximilien,bar,2.4994756,48.9462281
923269142,L'Ormeteau,bar,2.5063072,48.9430724
923269312,Le Rond Point,bar,2.4940459,48.9359362
925900497,Au 421,bar,2.5155998,48.9137434
951265000,Le Soleil de Bagnolet,bar,2.421497,48.8579822
971476014,Le Julyann,bar,2.3423076,48.8742352
971476082,Le Flash,bar,2.3418014,48.8752057
971476150,Au Général la Fayette,bar,2.3412323,48.8750436
971476164,Le Faubourg,bar,2.3424987,48.8741144
975023635,Le Molière,bar,2.2700634,48.8551767
981370622,Home Sweet Home,bar,2.2403064,48.8312316
985435188,Le Refuge,bar,2.3389104,48.8899959
986014266,Le Brégère,bar,2.2338563,48.8308137
987919341,Sanana,bar,2.2370107,48.8349997
988962930,Bar des Sports,bar,2.4909946,48.9281548
989431912,Le Carillon,bar,2.367859,48.871644
996567273,Café de la Gare,bar,2.5422351,48.8236075
998015392,Opti Bar,bar,2.5448737,48.8240871
998015450,Café de la Paix,bar,2.5428502,48.8250519
1003217472,Au vrai coq du village,bar,2.3422758,48.809069
1007448442,Le Centre,bar,2.542473,48.8272504
1014178576,Kool Zone,bar,2.7782067,48.8669854
1014178603,Coolpost,bar,2.7739099,48.871925
1014690183,La Fronde,bar,2.3560654,48.8594585
1015358394,Le Galvani,bar,2.2895992,48.884166
1015830169,Bar restaurant Les 3 frères,bar,2.3536169,48.8875689
1015988209,Le Trianon,bar,2.545801,48.8274248
1016701570,Le Chiquito,bar,2.2365261,48.8362081
1021202232,Vin & Compagnie,bar,2.5653961,49.0031791
1023222092,Café Belleville,bar,2.3748362,48.8710893
1035459722,Le Rendez-Vous,bar,2.3629301,48.9231575
1035787952,Oued-Rhiou,bar,2.3671561,48.8872163
1037585218,Café Tabac de Juziers,bar,1.8469317,48.991892
1064269040,Le Tiparillo,bar,2.1297262,48.7768974
1069300523,Aux 2 départements,bar,2.597918,48.9382269
1070166598,Rio Grande Bar,bar,2.7960884,48.8729883
1077712817,Le Vizir,bar,2.3179107,48.9669517
1079475689,Bar des Banques,bar,2.0998096,49.0503933
1089280932,Le Monico,bar,2.4942975,48.9312474
1089281036,L'Orée du Parc,bar,2.4948771,48.9312569
1089281050,Au Départ,bar,2.4935163,48.9314298
1094366292,Le Bar'Ouf,bar,2.3523046,48.8626827
1096663299,L'Étoile d'or,bar,2.3783255,48.8184928
1113738981,Au Métro,bar,2.3122657,48.8427362
1113739044,Brasserie Sauret,bar,2.3127675,48.8420308
1114763120,Le Gymnase,bar,2.3797004,48.8850887
1165053690,Bar Tabac,bar,2.219323,48.842143
1165739794,Caveau des Oubliettes,bar,2.3467331,48.8520115
1166299425,Le Point Du Jour,bar,2.257397,48.833609
1166504803,Le Moulin d'Auteuil,bar,2.2606251,48.8478519
1191165485,La Ménagerie,bar,2.3591245,48.8368456
1191783267,Les Écus,bar,2.1771422,48.8787917
1200417829,tabac du marche,bar,2.2468363,48.9087485
1202449444,Le Normandy,bar,2.195283,48.8853494
1206262837,Chez Polette,bar,2.317169,48.9018263
1210666304,Les Bruyères,bar,2.267961,48.905991
1210867025,Les Sablières,bar,2.268192,48.90609
1210869467,Le Balto,bar,2.268476,48.906157
1224795726,Le Beyer Claude,bar,2.384073,48.8508003
1225031605,Le Balto,bar,1.8998606,48.813745
1225038143,Le Nemrod,bar,1.9412559,48.8318303
1225461874,Tabac du Temple,bar,2.3622765,48.8670533
1231110978,Le Rallye,bar,2.2688958,48.9061652
1240425293,Bistrot Balard,bar,2.2791434,48.8368019
1240426071,Le Balard,bar,2.2791133,48.8369546
1240426837,Le Rouergue,bar,2.3419355,48.8651635
1240956663,Aux Armes de la Ville,bar,2.2059624,48.8917922
1243322704,La bicylette,bar,2.3721944,48.8813769
1244411731,Les Coteaux,bar,2.3044201,48.846899
1246974426,L'Autrement Bon,bar,2.2641706,48.8028022
1252378726,Carpe Diem,bar,2.2198234,48.8961881
1252381095,Le Victor Hugo,bar,2.2940571,48.8984225
1252381570,Le Dugommier,bar,2.3895336,48.8385292
1252487298,Bar Les Pirates,bar,2.3767039,48.8654085
1272453341,Le Xème,bar,2.352256,48.8710357
1272477681,L'Horloge occitane,bar,2.3579616,48.8710551
1291120262,On Cherche Encore,bar,2.3726204,48.86904
1291532250,Polly Maggoo,bar,2.2583877,48.8846802
1292272228,Orange Mécanique,bar,2.3755303,48.867139
1299587200,Le Neptune,bar,2.2796456,48.8903757
1307259134,Bastille bar,bar,2.3708103,48.8536882
1307259214,Les furieux,bar,2.3753324,48.8557897
1307259285,Bar'Ock,bar,2.3710477,48.8545778
1312808399,Bar Tabac,bar,2.6156885,48.8456237
1314996284,La Camargue,bar,2.1745509,48.9287248
1316079346,L'Imprévu,bar,2.237479,48.8416745
1326677896,Le Vingt Heures Vin,bar,2.3333605,48.886254
1345568296,La Terrasse,bar,2.1911166,48.7050705
1359954346,Le Balto,bar,2.1710663,49.0705335
1359954347,Le Saint-Antoine,bar,2.1123748,49.0665812
1368149075,Stop Bar,bar,2.3531176,48.9299947
1374463830,Bar de la piscine,bar,2.3884076,48.8831571
1398085544,Le tout va bien,bar,2.1815833,48.8772209
1398112294,Café De La Place,bar,2.1840292,48.8795301
1404449817,Les Souffleurs,bar,2.3550986,48.8570855
1411497642,La Chope des Halles,bar,2.1957034,48.8890378
1411499309,Old Lager,bar,2.207335,48.8928755
1411893910,Le Bel Air,bar,2.1387076,48.8223003
1429598287,La Garance,bar,1.7649267,48.8110149
1434075749,Le Rallye Tournelle,bar,2.3553355,48.8497121
1437579349,La fontaine Henri IV,bar,2.3914872,48.8716241
1444474414,La Chaumière,bar,2.128265,48.8265295
1450939214,La tendresse,bar,2.4034794,48.8278377
1450939226,Chez moustache,bar,2.4036725,48.827707
1455458344,Tabac de la Poste,bar,2.2189301,48.8443615
1459465788,Le Bureau,bar,2.4952066,48.8383355
1459478739,La Flèche d'Or,bar,2.4029865,48.8594342
1460356958,Le Sully,bar,1.6313168,49.0009059
1465066410,La Pirogue,bar,2.1325649,48.808195
1473176982,La Terrasse,bar,2.2404286,49.0095905
1477656356,Le Bar au mètre,bar,2.3697771,48.8637107
1478358936,Chez Arthur,bar,1.5835669,49.0375504
1482958092,Les Domaines de Sophie,bar,2.3386203,48.8750628
1484054970,Le Vénitien,bar,2.3357596,48.8710457
1486314027,Le Petit Bistrot,bar,2.3467197,48.8706525
1488772080,Aux Deux Gares,bar,2.3564644,48.8784174
1488772097,Le Camélia,bar,2.3577149,48.8796001
1488772104,Stop Nord Est,bar,2.3560228,48.8768603
1489177443,La Rose Rouge,bar,2.3637372,48.8811904
1489177454,Le Rond Point,bar,2.3708586,48.8827558
1490922325,Aux Gorges du Tarn,bar,2.3349268,48.8700724
1490922371,Le Cesar,bar,2.3368573,48.8672079
1491914923,Le Chiquito,bar,2.2563407,48.8974645
1503093279,La Fontaine Molière,bar,2.3368066,48.8658764
1506143579,Le Chouan,bar,1.8540459,48.6941016
1506812699,Bar Che,bar,1.7318377,48.9951299
1506812701,Brasserie de la Mairie,bar,1.730852,48.9938207
1506812752,Le Bistrot de Santeuil,bar,1.9495781,49.1245826
1506815829,à la Petite Jeunesse,bar,1.7273167,48.9938813
1509993140,Le Querey,bar,2.5213296,48.7705913
1512693745,Chistera,bar,2.3197787,48.8131923
1518883007,LS Café,bar,2.4597289,48.7949669
1524878659,brasserie du mail,bar,2.1043319,49.0476001
1531951109,Kenflo,bar,2.2465446,48.8986483
1531951131,Le Porto,bar,2.2468894,48.8982751
1544866110,Le Davout,bar,2.4103242,48.8535604
1544890373,La Reale,bar,2.4104272,48.8530681
1552648425,Le Mistral,bar,2.484446,48.8425722
1554858769,Chez Tonton,bar,2.6571009,48.5342807
1563764760,Au Petit Bar,bar,2.3551119,48.8376093
1567664547,Le Coupières,bar,2.1268242,48.7017015
1568009811,Le Commensal,bar,2.2799037,48.8321145
1579618649,La Bouffarde,bar,2.3231923,48.8239653
1589659194,Le Joinville,bar,2.464327,48.820308
1596069013,Jovial Café,bar,2.3816785,48.8759986
1598071236,Au Métro,bar,2.3181604,48.8341125
1611509238,Le Bras d'Or,bar,2.3460102,48.9140319
1611511649,Le Landy,bar,2.3378348,48.915026
1616985541,La Fourmi,bar,2.3397496,48.8823251
1618002590,La Francaise,bar,2.3561308,48.8873987
1620425824,Au bon coin,bar,2.3983197,48.8658704
1625264069,Le Mail,bar,2.3515619,48.6738782
1627272556,Le Dauphin,bar,2.3147893,48.6527509
1631588627,Le St Nicolas,bar,2.1900213,48.4869195
1635124553,Le Fer à Cheval,bar,2.3310374,48.7970075
1637095702,Le Carves,bar,2.3261009,48.8114048
1642006611,Café de la Pie,bar,2.4813684,48.7886881
1642962908,Le Floréal,bar,2.513832,48.794553
1646776899,Le Balto,bar,2.4965025,48.8238147
1650160704,Point Bar,bar,2.341182,48.8956894
1651602868,Au Puits d'Amour,bar,2.6917202,48.3171668
1652161934,Au coin d'or,bar,2.3525036,48.6747718
1655718838,Le longchamp,bar,2.2823374,48.7623479
1659350191,Le Relais Gourmand,bar,2.0118096,48.5296544
1665552664,Les Lumières,bar,2.3217344,48.9932472
1667270078,Hide out,bar,2.3484588,48.8428672
1667562696,Le Village,bar,2.3443629,48.894667
1667563844,Le Diplomate,bar,2.343368,48.89495
1667577644,Le Clin's bar,bar,2.3473963,48.8937368
1667577648,Le Simplon,bar,2.3475036,48.8938461
1668675883,Le Reinitas,bar,2.342687,48.893506
1668711668,Dionis,bar,2.342913,48.893776
1668734745,Le bénin,bar,2.346234,48.894172
1668735604,Le Costa Rica,bar,2.346385,48.894134
1668766274,Le flash,bar,2.347729,48.89361
1668852308,caffe Poteau,bar,2.343523,48.89304
1670102655,Le Cadran du faubourg,bar,2.3544917,48.87322
1670106050,Le réveil du Xe,bar,2.358021,48.871216
1670111247,Le petit château d'eau,bar,2.359427,48.870673
1670117368,Le navy,bar,2.360048,48.870326
1670126985,L'Eclipse,bar,2.361096,48.869755
1670131209,Le côte d'azur,bar,2.361643,48.869473
1670305377,Au métro,bar,2.361396,48.870973
1670347985,L'Ariel,bar,2.362032,48.871568
1670389118,Le cinquante,bar,2.362681,48.871916
1670401972,La patache,bar,2.363565,48.872686
1673656597,Chez Lilette,bar,2.3978396,48.8722479
1674855139,Le Rallye,bar,2.3494118,48.8914347
1674935278,Bistrot le Sainte-Isaure,bar,2.344049,48.892985
1675068861,Le Royal Exelmans,bar,2.2650429,48.8405023
1678243041,Au ptit bonheur,bar,2.3780355,48.8110754
1678353091,Volcano Lounge,bar,2.2546368,48.9465021
1679463071,Chez Gaston,bar,2.351542,48.891422
1679463986,Le provencial,bar,2.351629,48.891594
1679467252,L'Adriatique,bar,2.351729,48.891751
1679470399,Aux rendez-vous des amis,bar,2.351846,48.891951
1679673599,Le Panache Blanc,bar,1.9489923,48.743864
1684658935,Le Requin Chagrin,bar,2.3491518,48.8445643
1684818337,Le Mauzac,bar,2.3419694,48.8431091
1685222526,Le Tabac de la Mairie,bar,2.3351136,48.7949206
1685494665,MKP Opéra,bar,2.3323713,48.8693141
1690602238,Le Marigny,bar,2.3555931,48.7714628
1690635609,Bar Aux Randonneurs,bar,1.9313343,49.0603261
1690635639,Le Voltigeur,bar,1.9677502,49.0998908
1691558834,West Bar,bar,2.3175438,48.8862067
1692097042,Le Duplex,bar,2.3549738,48.862468
1692228845,Le Maryland,bar,2.2529641,48.8215244
1693086227,Les Quartauts,bar,2.2846887,48.827531
1696343703,L'Entr'Acte,bar,2.3179502,48.8153466
1702449830,L’Omadys,bar,2.3534523,48.8883787
1711192241,Le Longchamp,bar,2.4742871,48.6080015
1711318534,Student Bar,bar,2.3493332,48.8437872
1713316330,Les 4 Sergents,bar,2.5104745,48.8119523
1719158938,Le disque bleu,bar,2.2816522,48.9808283
1728954413,Bar des sportifs,bar,2.2481443,48.8968267
1730436128,Au Bienvenu,bar,1.8534299,48.6931756
1744161793,Le Voltaire,bar,2.1267452,48.7979195
1744841764,Le Chablis,bar,2.4889906,48.838039
1747523654,Le Balto,bar,2.4955032,48.7175447
1747533428,Le bout du monde,bar,2.5062764,48.7168333
1750728906,La Cale Sèche,bar,2.3860046,48.8663676
1750728908,La Laverie,bar,2.3900468,48.868661
1756731231,Bistrot Le Cap,bar,2.2997786,48.8408842
1756731237,L'Auvergne à Paris,bar,2.2998335,48.8407778
1762580987,Balladin,bar,2.8758323,48.9384348
1767635308,Aux vendanges,bar,2.271031,48.9153366
1768576355,Le Celia,bar,2.304665,48.8192385
1768812165,Brasserie Le Carrefour,bar,2.3059423,48.8196148
1775002277,Au point du jour,bar,1.7341709,48.9929645
1775032387,Bar du Temple,bar,1.7305767,48.9931888
1775056371,Le pont de Limay,bar,1.7291498,48.994353
1775076324,Bar Tabac PMU de la source,bar,1.7412707,48.997724
1775407497,Le Monte Christo,bar,2.4062717,48.8525397
1779444212,Comptoir du Marché,bar,2.3193931,48.8147362
1780808964,Bar,bar,2.1883599,48.9250603
1780831204,Tabac de la mairie,bar,2.1873775,48.9225741
1780843022,Café des sports,bar,2.1850145,48.9212196
1780844314,Bar,bar,2.1848603,48.9210222
1780845033,L'Express Bar,bar,2.1844284,48.9210813
1780850952,La Maximilien,bar,2.1847221,48.9198925
1784177264,Bar Le Celtique,bar,2.1232697,48.5534748
1784177277,Bar de la Gare,bar,2.1252798,48.551548
1785271479,Le Motel,bar,2.3765031,48.8527026
1785271517,Nul bar ailleurs,bar,2.3782626,48.8501042
1785271569,Les Abeilles,bar,2.3759666,48.8532457
1785987575,Le bar du marché,bar,2.4334742,48.8583239
1786108265,Le coupole d'argent,bar,2.2389966,48.8827126
1786718206,Brasserie 2000,bar,2.0335729,49.0470272
1789098273,Chez Véro,bar,2.0871067,48.3152939
1789894287,Le Petit Centre,bar,2.3666774,48.8660229
1789944746,UFO Bar,bar,2.3739208,48.8668369
1789946258,L'alimentation générale,bar,2.37435,48.8667946
1795141442,Le Balto,bar,2.2110663,48.8228473
1795161184,Bar du métro,bar,2.2942867,48.9150177
1798338089,Kaf'Law,bar,2.4340066,48.5699428
1803573031,Columbus Café & Co,bar,2.2562215,48.9475198
1812659246,La Manufacture,bar,2.3458902,48.8793707
1814540724,Le Simard,bar,2.1268822,48.8191621
1820460737,Bistro de la Place,bar,2.1283633,48.814913
1824334810,Cuba Compagnie,bar,2.3684747,48.8571157
1826085661,Le Réveil-Matin,bar,2.352284,48.8357356
1827138891,Le Dreamlight's,bar,2.3407712,48.8766343
1827903166,L'Esplanade,bar,2.4082089,48.7645893
1830661957,La Fine Mousse,bar,2.3817815,48.8648511
1835765099,Dupont Versailles,bar,2.288394,48.8328925
1838552620,La lucha libre,bar,2.348557,48.8490395
1838982011,Chez Ayadi,bar,2.3573626,48.9327671
1838982544,Café Denis,bar,2.3575625,48.9327486
1861767365,Open Café,bar,2.3576608,48.8709579
1867384174,Le coude à coude,bar,2.3480652,48.8881851
1867397539,Le Patio,bar,2.3485324,48.8884653
1867428325,La Chope du Château Rouge,bar,2.3478228,48.8869647
1867461866,Bar de l'Hôtel de Ville,bar,2.2926481,48.6762648
1867506008,Le Royal,bar,2.1319896,48.8416601
1869060190,L'Alibi,bar,2.3428666,48.8920227
1869850882,No Problemo,bar,2.3451141,48.8857577
1871182829,La Hune,bar,2.3337901,48.8554636
1871186489,Le Fumoir,bar,2.3409119,48.860494
1873160543,Le Lion d'Or,bar,2.8342839,48.1522148
1876650298,Clos de Coignières,bar,1.9588974,48.5013181
1877475420,L'étoile de Montmartre,bar,2.3394636,48.8910607
1879638998,Le Coste Bleu,bar,2.4291176,48.8466235
1881131630,Le Berlioz,bar,2.4288952,48.8461814
1884433764,Brewberry,bar;pub,2.3485399,48.8429926
1886081456,Rock 'n Roll Circus,bar,2.3372823,48.8827601
1888459895,L'expo,bar,2.400611,48.9152296
1889706600,Café Baraka,bar,2.2512895,48.9016106
1892973503,L'Impondérable,bar,2.3909854,48.8728278
1894585956,Le Senlis,bar,2.2971194,48.8883514
1898757550,Kas' bar,bar,2.0955586,48.8946312
1898757665,Le Café Jules,bar,2.0926062,48.8953082
1899126641,4-2-1,bar,2.4644255,48.8876293
1904461967,Roy Henri,bar,2.092582,48.8977482
1904888779,Les Trois Mailletz,bar,2.3465789,48.852189
1907153763,L'Autobus,bar,2.4063369,48.8490772
1909243311,Le Kiez,bar,2.3330775,48.893977
1909254294,Bar de l'Espérance,bar,2.3293592,48.8935624
1909776791,Bar de la Poste,bar,2.3334056,48.9112444
1909801504,Le Saint-Philippe,bar,2.3364095,48.9142997
1909840831,Le Terminus,bar,2.3296252,48.8974071
1909862522,L'Anjou,bar,2.3393455,48.8957777
1910090626,Café de la Gare,bar,2.2108214,48.7062888
1916123028,Le Petit Hameau,bar,2.2888425,48.8350746
1916173383,La Bauloise,bar,2.2873426,48.8340535
1917523408,La Croix du Sud,bar,2.3582427,48.8221377
1921935641,Le Vaillant,bar,2.3414358,48.78084
1925275933,Le Villageois,bar,3.0750703,48.592921
1927627184,La Cave Café,bar,2.3395224,48.8912689
1930249941,Le Lieu Dit,bar,2.3897258,48.8682806
1930684709,Les Jardies,bar,2.2003607,48.8272533
1931490819,Le Florence,bar,2.3087625,48.8748542
1934837689,Bar-Tabac Le Pavé Des Gardes,bar,2.2106344,48.8115597
1939149271,Millésime,bar,2.2819707,48.8421986
1941555013,La Bricole,bar,2.3330215,48.8963284
1950661360,L'Étoile d'Or,bar,2.3994629,48.8575637
1950785346,Le Saint-Blaise,bar,2.4074098,48.8577147
1950787049,Chez Jean-Pierre,bar,2.3373498,48.8518332
1952633198,Chez Toumert,bar,2.2290512,48.8759342
1955238008,Des bulles et des ballons,bar,2.423624,48.8536991
1955238009,Renaissance,bar,2.4263143,48.8522009
1955238010,Les tonneaux,bar,2.4238385,48.8520139
1956407082,Le Zénith,bar,2.0458245,48.7853415
1957130714,Le Beaumarchais,bar,2.4314615,48.8571054
1957130719,Le Marceau,bar,2.4256465,48.8560712
1957130724,Royal Montreuil,bar,2.433154,48.8574266
1957130726,Café du Centre,bar,2.4272504,48.8563589
1957130730,L'Alembert,bar,2.4175545,48.8548394
1957144764,L'Industrie,bar,2.4276788,48.8542026
1962254628,Le Wilson,bar,2.4387001,48.8531173
1975260638,Le celtique,bar,1.9105014,48.991379
1978246831,La Pena Festayre,bar,2.386662,48.8969286
1980895343,Bistrot de l'Avenir,bar,2.4061987,48.8505469
1982876799,La Sevrienne,bar,2.2103421,48.8242064
1982876804,Bar Tabac de la Mairie,bar,2.2113439,48.8242303
1998920845,bar,bar,2.2421025,48.6605512
2000109905,Bistrot des Saules,bar,2.052651,48.7840736
2000813093,Bar du Métro,bar,2.374176,48.8882304
2003145821,Le Spicy home,bar,2.3506638,48.863357
2003591358,Au rendez-vous des chauffeurs,bar,2.4279651,48.857744
2012707485,Le ton air de brest,bar,2.3226602,48.8356746
2012720252,Le milev,bar,2.3228183,48.8354175
2013702802,Le Rallye,bar,2.132392,48.8539466
2015858251,Le Longchamp,bar,2.0699925,48.7991628
2018171323,Le rochebrune,bar,2.3784617,48.8607749
2018469101,Le Carbone 14,bar,2.3871679,48.8555652
2028408727,Montaldo Cindy,bar,2.336998,48.962573
2033118519,Café Bar,bar,2.3254466,48.9762798
2033247704,Le Fontenoy,bar,2.3291467,48.9592499
2033295033,Le Narval,bar,2.3349711,48.9541164
2038629581,La Cantine de la Cigale,bar,2.3399369,48.8822854
2041908463,Le nouveau monde,bar,2.248058,48.889333
2043667780,Bistrot du faubourg,bar,2.236712,48.896019
2043908277,Limonade,bar,2.323521,48.844236
2048549478,Le Michelet,bar,2.4614735,48.8940814
2048549482,La pyramide,bar,2.4559589,48.8924413
2048565804,Le Celtique,bar,2.4525873,48.8897264
2049661308,Le bar du rond point,bar,2.4671037,48.8919555
2051798903,Le Verdun,bar,2.2442518,48.9502124
2051812747,L Antonin,bar,2.2406683,48.9480052
2051844555,Les Sablons,bar,2.232332,48.9471297
2051871353,Le Pmu,bar,2.3364165,48.975186
2051889508,Les Mortefontaines,bar,2.3213921,48.9713752
2071529375,Le Boyard,bar,2.2788479,48.8311964
2072607634,Le chinois,bar,2.434182,48.8582338
2078918263,Bar des 2 Moulins,bar,2.4297044,48.8153363
2081291845,L'Adada,bar,2.3224049,48.8405572
2086399148,Café le Blüe Boy,bar,2.3157527,48.8409248
2086399153,Café Odessa,bar,2.3246397,48.8414979
2086399154,Indiana Café,bar,2.3249954,48.843284
2086399172,Café de la place,bar,2.3248762,48.8415356
2086423565,Bistro le Florilège,bar,2.2877691,48.8781338
2087542131,L'absurde imposture,bar,2.346057,48.891009
2089383632,Le Royal,bar,2.8296547,48.6438967
2090756579,Le Royal,bar,2.4508417,48.8498032
2103216539,La Comete,bar,2.3429491,48.8728753
2108026249,Kriza Bar,bar,2.322721,48.83947
2112678889,Le Tunnel,bar,2.2631629,48.8419451
2116553868,Au Bistro Cardinet,bar,2.3185158,48.8913333
2124308289,L'Aubisque,bar,2.4048284,48.8561348
2124487512,Le Bar Botté,bar,2.408629,48.8468777
2124487682,Le Métro,bar,2.4088515,48.846847
2124494286,Le Vincennes,bar,2.4058825,48.8479121
2125406245,La Colombe,bar,2.3167431,48.8836495
2125571208,Le Longchamp,bar,2.3430269,48.8720494
2128894611,Aux Cockers,bar,2.5119723,48.8523779
2128894612,Le Cyrano,bar,2.5086678,48.8492468
2134878775,Century Bar,bar,2.3555122,48.8228779
2146765184,O Limiano,bar,2.3810109,48.7991397
2146816176,Red 305,bar,2.3824688,48.7972167
2146816184,La Rose des Sables,bar,2.3822428,48.7974934
2146816186,Tabac de L'empire,bar,2.3821779,48.7975919
2149899597,L'Europe,bar,2.3158457,48.8281219
2151917025,Bar du Théâtre,bar,2.3202827,48.8193316
2157952434,Paname Brewing Company,bar,2.3787631,48.8878312
2161521592,Le cartel,bar,2.2364162,48.8795288
2161550366,Mont Legrense,bar,2.2401358,48.8792219
2161550371,Le Brazza,bar,2.2407594,48.8793357
2161550374,Au RDV du batiment,bar,2.2403356,48.8795298
2164023034,Floquifil,bar,2.3434334,48.8730582
2165038781,Woozy,bar,2.3430061,48.8613396
2167679211,Chez José,bar,2.2384781,48.8823621
2177176392,L'Escale,bar,2.4836316,48.8369407
2177177648,Le Boulibar,bar,2.4844429,48.8371668
2178785512,Le zig-zag,bar,2.2408165,48.8836139
2178785515,Le jacoto,bar,2.2399394,48.8829754
2181213237,Le Boudoir,bar,2.4401437,48.8480582
2183846709,5e Cru,bar,2.3541552,48.8490152
2193098985,Le Phenix,bar,2.3462308,48.8227998
2194256993,Le derby,bar,2.354911,48.8765119
2195170957,Le Petit Bordeaux,bar,2.6724047,48.9003851
2197417205,Le Bardinet,bar,2.3172117,48.8309811
2202938764,Café aux sports,bar,2.3906746,48.8117474
2202938765,Le Saint-Just,bar,2.3903715,48.8115778
2207088674,La Brigantine,bar,2.341347,48.824023
2207095060,Les Mains d'Or,bar,2.3414221,48.8248954
2224990876,Les Arts,bar,2.1837892,48.8798307
2239362634,Mini Bar,bar,2.2975868,48.8364982
2239374813,Tasco Café,bar,2.3025475,48.8352818
2239397378,Café du marché,bar,2.3006491,48.8358889
2244578060,N'Importe Quoi,bar,2.343935,48.8608921
2244600614,La Balle au Bond,bar,2.3362437,48.8581223
2256024148,L'Age d'Or,bar,2.3599429,48.8264842
2265964339,L'Empire,bar,2.2601266,48.8427979
2265998704,Le 191,bar,2.2629179,48.8394583
2268836966,Le Merle Moqueur,bar,2.3505091,48.827753
2273232846,Le pari Saint-Charles,bar,2.2818457,48.8426057
2280210221,Le Chiquito,bar,1.7016735,49.0630775
2283630276,T'Bo,bar,1.8196317,48.6454607
2283635308,Café de la Gare,bar,1.8308155,48.6436127
2286083502,Bar-Tabac La fourmi,bar,2.5100712,48.7054709
2295269486,Le Vouvray,bar,2.3477824,48.8146703
2298283303,Café A l'Habitude,bar,2.4487663,48.8526747
2298283305,Nostalgie Caffè,bar,2.4495538,48.8526583
2298283306,POINT B@R,bar,2.4491561,48.8526136
2298657606,Val de Marne,bar,2.4348432,48.8478098
2298657607,Vincennes Bastille,bar,2.4348372,48.8473408
2299590422,Bar L'Anjou,bar,2.4337075,48.8585317
2299697767,Bras & co,bar,2.2675778,48.9147385
2305979353,"Le cavern - bar, concert",bar,2.3398837,48.8551489
2312084274,Le BizArt,bar,2.3899326,48.8512675
2322893807,Lounge,bar,2.7082534,48.828117
2325915038,Tout va Mieux,bar,2.3650486,48.8845594
2329096678,Le Libre Echange,bar,2.3201855,48.8904042
2345324859,La Grappe d'Or,bar,2.3492982,48.891713
2347257305,La Truyère,bar,2.3902734,48.8392807
2355778354,Le bateau Ivre,bar,2.3490693,48.8455873
2357227463,Nix Nox,bar,2.3769423,48.8352218
2357227464,Péniche B2,bar,2.3750766,48.8369812
2359132129,Le Gaulois,bar,2.3169522,48.8139728
2364368809,Le Saint-Cyr,bar,3.1836455,48.9062321
2365654407,Mon P'tit Bistrot,bar,2.4357193,48.8482693
2365811674,Le Gallia,bar,2.3477625,48.8137588
2365870598,Brasserie de la Mairie,bar,2.3494093,48.8150129
2367321705,Pop In,bar,2.3675537,48.8614116
2369244236,The B58,bar,2.342726,48.8741216
2369268910,Le Bienvenu,bar,2.3161585,48.8127087
2370577816,SLB Benfica,bar,2.3079253,48.7602985
2370785832,Le Fer à Cheval - Bar and music,bar,2.3202187,48.8944467
2374813500,The Gentleman,bar,2.3431052,48.8525782
2375009703,Les Épinettes,bar,2.4222948,48.8784205
2379040874,Bar du PMU,bar,2.3618647,48.8104087
2381306274,Le Jean Bart,bar,2.4186147,48.8806262
2381308257,Hôtel du Parc,bar,2.4217569,48.8803431
2381310461,Le Royal,bar,2.4251705,48.8808347
2382238078,Le Mace,bar,2.4176779,48.8777259
2383363290,Experimental Cocktail Club,bar,2.3482633,48.8660965
2383363291,Prescription Cocktail Club,bar,2.3379207,48.8549614
2386674838,Le Mauri7,bar,2.3537539,48.8715766
2387361474,Opus Parmentier,bar,2.3698711,48.8712919
2387389298,Le Dude,bar,2.3707413,48.873397
2387390494,Zoco,bar,2.3704021,48.8734671
2387399043,San Luis bar,bar,2.3703282,48.8733502
2392409656,Le Bistrot de la Gaité,bar,2.3533605,48.866841
2402701498,La brasserie du patio,bar,2.1708349,48.8865662
2406196759,Le Fleurus,bar,2.3430846,48.8197803
2408672211,Le P'tit Gud,bar,2.4001936,48.8453425
2417976078,Ze Bar,bar,2.3455319,48.853075
2428529855,Le Drapeau,bar,2.4362761,48.8450252
2428529858,Le Fontenoy,bar,2.4366292,48.846565
2432255116,Bar tabac de la mairie,bar,2.0291147,49.0766404
2438004596,Le Couserans,bar,2.4386173,48.8528075
2444236544,Létincelle,bar,2.3679199,48.8608697
2445512536,Café de la Jeunesse,bar,2.3602426,48.9389374
2445512538,Le Pavillon,bar,2.3558972,48.9338539
2446066127,Tabac de la République,bar,2.4954106,48.9283484
2446096102,Udo,bar,2.3740909,48.8643323
2446687418,La Godinette,bar,2.3228908,48.8396133
2448452678,Le Brazza,bar,2.4321756,48.8484639
2451926162,K BA NI TO,bar,2.3488046,48.8444534
2454102704,Les Lilas,bar,2.4164575,48.8788639
2460347252,Rush bar,bar,2.3701752,48.8613268
2460347253,Le splendid bar,bar,2.3698793,48.8613847
2472924839,Les Marronniers Fleuris,bar,2.3156093,48.8122984
2478201171,Boca,bar,2.344424,48.8661252
2478201207,Le coeur fou,bar,2.3445011,48.8659496
2479295353,L'annexe,bar,2.3128608,48.8161781
2479405411,No water,bar,2.1253782,48.8009348
2479442311,Le baradoz,bar,2.1246743,48.8002336
2480101122,Le Saint-Honoré,bar,2.1252941,48.7983773
2480657794,Bar Royal,bar,2.1265351,48.7970233
2483572702,Le Weekend,bar,2.3059574,48.8161412
2489274291,The bottle shop,bar,2.3785314,48.8511831
2494110187,Cave la Bourgogne,bar,2.3497085,48.8392014
2503105832,Le Jubilé 3,bar,2.2035752,48.8684619
2507574254,Le Racine,bar,2.3168235,48.8115616
2508259797,Café Tabac du Marché,bar,2.4872162,48.8382814
2519949100,L'inconnu,bar,2.3521453,48.871128
2523989143,Bizz'art,bar,2.3664752,48.8790612
2525399700,Le Coq Hardi,bar,2.3097778,48.818915
2528374374,Soleil de Provence,bar,2.3574286,48.9378347
2529697548,Sun 7 Café,bar,2.3214393,48.8206096
2531576666,L'Ariel,bar,2.3420357,48.8265384
2534780315,Bull's Brother,bar,2.3451327,48.8530831
2534780414,Le Relais de la Huchette,bar,2.3459453,48.8529444
2546641041,Bar à Bières,bar,2.3685754,48.7927575
2553153345,Europe - St Séverin,bar,2.3443015,48.8527079
2558864738,Le dandy,bar,2.3337987,48.8822164
2562735593,Aux Écuries du Roy,bar,2.3461115,48.8660577
2565612043,Le Garden,bar,2.3603977,48.9125638
2569530049,Bureau de tabac,bar,2.4557809,48.8098606
2571494841,Le Belmonte,bar,2.37047,48.8753587
2575207494,Chabana's bar,bar,2.3455838,48.8528366
2577163620,L'aéro,bar,2.2779659,48.8576488
2590050869,Rapid Bar,bar,2.269148,48.9047984
2591405226,Bar Le Riquet,bar,2.3743799,48.8884177
2592997803,Bar de la Place,bar,2.5088487,48.6401634
2595020833,Le Vegas,bar,2.2416731,49.1280996
2598272346,La folie en tête,bar,2.3481095,48.8275172
2604801458,Le Beaujolais,bar,2.3289082,48.8171046
2611399058,Le Bacchus,bar,2.698091,48.4034409
2611399060,Le Shaker Bar,bar,2.6984223,48.403351
2611463225,Bistrot Sud,bar,2.7010136,48.404329
2611463237,Mainstreets,bar,2.70057,48.4041936
2614591568,O’neil Bar,bar,2.3336366,48.8518377
2618295566,Bar Tabac du Lycée,bar,2.1649152,48.9287321
2618640030,La Divette de Malakoff,bar,2.3258616,48.8169918
2624677962,Le Vintimille,bar,2.330333,48.8831199
2624677963,Le Valois,bar,2.3305918,48.8834005
2627481252,Le Cappuccino,bar,2.305056,48.6086452
2627569959,Le Nemrod,bar,2.3258826,48.8192793
2630584155,Sof's Bar,bar,2.3480098,48.866108
2650826374,Le Week-End,bar,2.4560336,48.5882488
2653982089,L'Estaminet,bar,2.3673694,48.8650085
2653992673,Detox delight,bar,2.3673391,48.8629079
2654266788,L'autobus,bar,2.36739,48.862765
2654697181,L'Olivier,bar,2.3783883,48.8467474
2656051561,Paris London,bar,2.3254321,48.8699476
2656051567,Le passage,bar,2.3230123,48.8696624
2659019324,Le Bréguet,bar,2.312665,48.840345
2669085319,Black Dog,restaurant;bar,2.3491854,48.8594141
2685475660,Black Dog,bar,2.3492122,48.8594147
2685481427,Sly Bar,bar,2.3493758,48.8593718
2685540508,Les Piétons,bar,2.3499381,48.8591459
2689331949,La Cabane Bambou,bar,2.2055396,48.881203
2689705042,L'Hédoniste,bar,2.3460447,48.8666058
2690507625,La Roseraie,bar,2.3718441,48.827498
2690913856,Le Jet Set,bar,2.3023103,48.8725856
2696259259,La Belette qui Tête,bar,2.3498941,48.8359481
2696636916,L'Ivress,bar,2.3475876,48.8686847
2699839266,Sputnik,bar,2.3510342,48.8279631
2699839267,Taverne de la Butte,bar,2.3501384,48.8276841
2700277771,Porte d'Orléans,bar,2.3254034,48.8237415
2702849000,Le Narval,bar,2.1847842,48.8793418
2707103486,Le Saint-Paul,bar,2.360168,48.8551659
2710713597,Le Petit Flore,bar,2.3394585,48.8624888
2710713598,Louvre Bouteille,bar,2.3402857,48.8619762
2711186603,L'Amitié Malakoff,bar,2.3000975,48.8138082
2715645721,Thirsty Mad Cat,bar,2.3438681,48.8678347
2717238432,La Civette St Jean,bar,2.6619477,48.5395909
2744409685,Le Cheval d'Or,bar,2.3554429,48.833608
2745637273,L'Éclair,bar,2.3061913,48.8569595
2751426304,Petit Saint-Martin,bar,2.3579893,48.8728884
2760254111,La Butte aux Piafs,bar,2.35205,48.8299498
2760254113,Le Kiosque,bar,2.3536286,48.8304537
2767960467,Le Café des Sports,bar,2.3921028,48.8691288
2771945181,O'2 Villes,bar,2.4390125,48.8531121
2772914972,Le Wood,bar,2.3620611,48.8588424
2775842958,Le Dumas,bar,2.3889981,48.8527486
2775842962,Le Métro,bar,2.3891013,48.8526497
2776314134,L'Envol Québécois,bar,2.3516159,48.8440184
2778463121,Le Sully,bar,2.3528255,48.8703084
2780351546,Le Petit Preslois,bar,2.7409903,48.715568
2788062497,L'atelier,bar,2.3073187,48.8174789
2788471668,Le Mouff'tôt Mouff'tard,bar,2.3498549,48.8422841
2793649045,Le Fontenoy,bar,2.3561333,48.8602435
2803413696,La Coupole,bar,2.2869613,48.8021332
2811493878,Le Pierre Curie,bar,2.3772932,48.8160826
2824755588,L'Arrivée,bar,2.5425045,48.8236806
2826091001,La Caravelle,bar,2.327006,48.876404
2833518557,Bar Oasis,bar,2.3041756,48.8188142
2842142901,Le Rouquet,bar,2.330454,48.854621
2845039395,Le Glass,bar,2.3372869,48.8815103
2852733801,Le Bar,bar,2.3380298,48.8497474
2853546553,Sunset,bar,2.3446987,48.8713994
2855862328,L'Acapulco,bar,2.2838972,48.8655102
2862239836,Au Corner,bar,2.4276466,48.8474158
2863264450,Some Girls,bar,2.3737978,48.8532503
2863265740,Cantada II,bar,2.3793313,48.8670687
2863270880,L'International,bar,2.3796639,48.8667388
2863297981,Chez Zak Bar,bar,2.3853206,48.8672848
2863306134,La Feline,bar,2.3852348,48.8671313
2863318673,Le Saint-Sauveur,bar,2.3850779,48.8664979
2863322351,Dr. Feelgood,bar,2.3755708,48.8553007
2864175355,Time Square,bar,2.3827807,48.8948851
2866845693,Pluriel Café,bar,2.3006492,48.8191107
2867368733,Le Bolivar,bar,2.3803012,48.8760857
2868961712,L'aiglon,bar,2.3813787,48.8775011
2874534278,Le Calbar,bar,2.3753679,48.8486443
2875881221,Chouff'bar,bar,2.3486842,48.8430061
2876169595,Oxalis,bar,2.3840074,48.8468648
2879901501,La Régence,bar,2.3424752,48.859841
2882461296,Le virage,bar,2.3755713,48.8762491
2882549696,Villette Bar,bar,2.37386,48.8752119
2882551333,Le 9b,bar,2.3736728,48.8753782
2883404222,Pétanque Campésienne,bar,2.590428,48.8561145
2895396562,Bar Nouveau Brooklyn (BNB),bar,2.3828193,48.8135907
2900792405,Au train de vie,bar,2.3583405,48.8782984
2901750233,Le Daudet,bar,2.3271211,48.8267959
2903101413,Le Colbert,bar,2.3043738,48.9045165
2905722615,Café Leffe,bar,2.291512,48.8905503
2906130405,Au Petit Chez Soi,bar,2.3006124,48.8203499
2906403311,Le Five,bar,2.3720335,48.8812111
2908254158,KD,bar,2.3810283,48.8747667
2908315545,A l'endroit,bar,2.3828694,48.8749554
2912865201,O.z Café,bar,2.296985,48.896238
2913397200,Dynamo,bar,2.374458,48.8785529
2915079864,Bar du Marché,bar,1.5826496,49.0377242
2915128823,A Trianon,bar,2.3828952,48.8735251
2915767382,Cheval Blanc,bar,1.5786281,49.0369101
2915892587,Le Baron,bar,2.3001103,48.8656456
2915896064,Chez Papillon,bar,2.3062494,48.8716947
2915905154,Le Showcase,bar,2.3138141,48.8642117
2915907935,Le Madam,bar,2.3178889,48.8743835
2915916854,La Cantine Du Faubourg,bar,2.3116489,48.8723341
2916165303,Le Madam,bar,2.3059242,48.8709008
2916403382,Le Barouf,bar,2.3873713,48.874742
2916459383,A l'unisson,bar,2.3708887,48.878398
2916463883,Chez Ammad,bar,2.3710845,48.8786489
2916479218,Antalya,bar,2.3715404,48.8793968
2917495128,La Marine,bar,2.3233862,48.8442836
2917987630,Aux deux amis,bar,2.3741104,48.8818625
2918014136,La Calèche,bar,2.3764104,48.8831168
2918018990,O poele...,bar,2.3767725,48.8835128
2918045577,Verry Horse,bar,2.3787117,48.8843991
2921121578,Le Morlaix,bar,2.3816003,48.885515
2922603068,Le rallye,bar,2.3880013,48.8833431
2924393159,MabCafé,bar,2.3353602,48.8525395
2924913363,MabCafé,bar,2.3353602,48.8525395
2925617830,Le Valencay Bar Brasserie,bar,2.3027121,48.8423823
2927795612,Bistro des Martyrs,bar,2.3396601,48.88441
2927795614,Il Duca,bar,2.3391723,48.8843181
2927812404,Georges Café,bar,2.3463229,48.8528644
2931892304,Tabac de la porte chaumont,bar,2.3940741,48.886153
2932069971,Crockett’s Saloon,bar,2.8141365,48.8360445
2932069972,Fisherman’s Wharf,bar,2.7898584,48.8654289
2932069976,New York City Bar,bar,2.7877237,48.8705558
2932069977,Redwood Bar and Lounge,bar,2.7904779,48.8686664
2934439601,Le Valentin,bar,2.3056448,48.881866
2939342985,Le Royal Malakoff,bar,2.3066939,48.8197316
2939342987,Sand-Jess,bar,2.3084775,48.8201164
2939351201,Taverne des Korrigans,bar,2.351888,48.846928
2939357601,Tabac Alza,bar,2.351775,48.845705
2939803364,Le Maryland,bar,2.3876396,48.8765843
2957809405,Le Narval,bar,2.3719871,48.8768371
2962639973,Tabac de la Gare,bar,2.1842867,48.9211663
2963212028,L'imprevu,bar,2.3905491,48.8755204
2973459634,Le Saint-Valentin,bar,2.380445,48.883717
2973665417,Tele bar,bar,2.3984479,48.8755731
2973711267,Le leman,bar,2.4058924,48.8770937
2974330159,Le Comptoir,bar,2.2929761,48.8357125
2974330160,Le Comptoir,bar,2.3042236,48.8350897
2976099846,Le Bureau,bar,2.654362,48.8405343
2981346935,La Rotonde,bar,2.3340731,48.9124429
2981346936,Tabac de la Mairie,bar,2.3344886,48.9121675
2984480810,Le Voltaire,bar,2.3118008,48.8212079
2984486433,Le Soleil,bar,2.287746,48.888939
2986616045,Red Room,bar,2.3600274,48.8149201
2991169114,Marlusse et Lapin,bar,2.3368191,48.8837364
2991184194,Chaum' Bar,bar,2.3842246,48.8840234
2997329281,Le Rivolux,bar,2.3595261,48.8556943
2997413433,Le Tire-Bouchon,bar,2.282741,48.888803
2997420033,Le Rallye,bar,2.284289,48.889555
3007346385,Bar du Rhin,bar,2.3814227,48.8847149
3011028852,Flaq,bar,2.3503864,48.8606297
3014035111,La Guingette,bar,2.3077289,48.8227317
3018115038,Le Téléphone,bar,2.3253223,48.8924468
3018267897,Le Cirta,bar,2.3058521,48.8221589
3018323871,L'Étoile,bar,2.3051494,48.8217824
3018371234,Le Gambetta,bar,2.3073744,48.8231685
3023066289,Le bel air,bar,2.3943041,48.8751698
3023129937,Le Fleuri,bar,2.3049442,48.8228834
3023528838,Le grand hôtel de Clermont,bar,2.336458,48.884592
3023533333,Dirty Dick,bar,2.337513,48.881512
3033112234,Carolus,bar,2.328765,48.884429
3037631234,Le tabac des studios,bar,2.221332,48.8508788
3042311478,La Terrasse,bar,2.4137641,48.822949
3042311479,Le Saint Guerlet,bar,2.4161555,48.8231652
3043457790,Le Dock,bar,2.333933,48.8704232
3048834230,Le Château d'Eau,bar,2.3545133,48.8727411
3048865608,Brasserie des sports,bar,2.2273722,48.8857559
3048865613,Le Montalegre,bar,2.2267693,48.8857003
3052569611,Le Rond Point,bar,2.2118988,48.8634195
3054183400,La cave à Michel,bar,2.3728073,48.8743038
3054282089,Le HasBeen,bar,2.3705081,48.8737082
3054303518,Le baroc',bar,2.3724688,48.8745664
3054312145,Le diamant,shisha_bar,2.3722673,48.8746023
3054366573,Le petit Rampal,bar,2.3798465,48.8738742
3056093600,Le Royal,bar,2.3717654,48.8716356
3056137111,Le Triangle,bar,2.3697018,48.8711993
3056202589,Pianotise,bar,2.3733717,48.8721986
3058136839,Le Citadin,bar,2.4863064,48.9241482
3058148642,Chantier Interdit,bar,2.3716689,48.8542603
3058148643,Shelter's Pub,bar,2.3718475,48.8541774
3058148645,Yellow Mad Monkey,bar,2.371844,48.8540652
3058148646,Kabanito Cafe Cocktail,bar,2.3672153,48.8542657
3065232439,Le Carillon,bar,2.3032664,48.8224719
3067862408,O'kako,bar,2.326319,49.0255267
3068592019,Le Wallace,bar,2.2417163,48.878863
3071528797,Black Mad Crawler,bar,2.369421,48.8666898
3073074712,Le Lutecia,bar,2.3713459,48.864203
3073225232,Le Kitch,bar,2.3685776,48.8630703
3085086583,Baloo Bar,bar,2.3465837,48.8524094
3089215120,La Cariola,bar,2.3035749,48.8211374
3089619583,Le pont tournant,bar,2.3642358,48.8733461
3089653307,Le comptoir général,bar,2.3656983,48.872515
3089669633,Les Bérets Verts,bar,2.3675483,48.8690849
3092569704,L'horizon,bar,2.379114,48.8573775
3098860751,Le Montana,bar,2.2940965,48.8118237
3099976480,Le Taillebourg,bar,2.3983982,48.8504308
3101795163,Le Petit Club,bar,2.3342151,48.8301596
3103989238,Izem,bar,2.3787234,48.8554706
3105229882,Candelaria,bar,2.3641445,48.862921
3109253378,Café d'Orléans,bar,2.3291359,48.8301369
3109345465,PasDeLoup,bar,2.36731,48.8630361
3112784820,Fauve Paris L'abreuvoir,bar,2.3685727,48.8584243
3121881992,Le Baratoff,bar,2.3883747,48.708866
3129484149,Le cosmopolite,bar,2.382234,48.8592565
3129486285,Le Jean bart,bar,2.3811882,48.858966
3132107529,Le Bellevue,bar,2.3471182,48.936033
3140020089,L'Espérancia,bar,2.5784356,48.7801399
3141879981,Monsieur Matthieu,bar,2.3809641,48.8611306
3147479875,Le petit pressour,bar,2.3797335,48.8624272
3152563367,Cuba Compagnie,bar,2.3687018,48.8571958
3154604558,Castor Club,bar,2.3423483,48.8519888
3157534694,Le Régence,bar,2.252523,48.9180368
3161142951,Le Festin Nu,bar,2.3392991,48.8904696
3161149524,L'escale,bar,2.3475855,48.8859778
3161458993,Mizmiz,bar,2.3800163,48.8667059
3170317826,Le Pantalon,bar,2.3419808,48.8457052
3176697764,Le Duroc,bar,2.3172036,48.847148
3176697774,Le Balto,bar,2.3185907,48.8476473
3177451579,Couleur Café,bar,2.3197601,48.8481468
3181039761,La Chope des Compagnons,bar,2.3538809,48.8549571
3181225061,The bootleg bar,bar,2.3754788,48.8560048
3181233444,Bistrot des familles,bar,2.3747522,48.8555572
3194076611,Le havane,bar,2.3720184,48.8618001
3199890679,La renaissance,bar,2.3667513,48.863581
3201567902,Saint-Sébastien,bar,2.3711339,48.8615804
3201581330,Ex nihilo,bar,2.3696764,48.8636741
3201587864,Le balto,bar,2.3692871,48.8633311
3201875680,Bar du Cirque,bar,2.3673177,48.8629926
3204532838,Balyann,bar,2.3628403,48.9239219
3204800261,Le fontenay,bar,2.3774991,48.8573825
3204817212,Le flash,bar,2.3734258,48.8615938
3205812883,Le Savoie,bar,2.3585986,48.863287
3207413003,Alhambra,bar,2.3664307,48.866641
3207973270,La Planque Bar,bar,2.3711983,48.85433
3208000381,Le rapide,bar,2.3593369,48.8749871
3208002101,Moustache,bar,2.3591131,48.8747439
3208763978,Le Sedaine,bar,2.3769477,48.8578407
3215690029,Martin,bar,2.3659926,48.8648526
3217857415,Brasserie Les Fleurettes,bar,2.1459813,48.4352966
3226135773,Le lutecia,bar,2.3617868,48.8631383
3227022881,Chez Reymonde,bar,2.3718082,48.8636138
3227029773,Le perroquet,bar,2.374115,48.8621181
3233189136,Le Malibu,bar,2.2362351,48.8761449
3236792406,L'Armagnac,bar,2.3848577,48.8545431
3240855605,Le miley,bar,2.3217919,48.835883
3243968404,Eden Park,bar,2.3344379,48.8523534
3245843998,La grosse bouteille,bar,2.3727567,48.86019
3249388114,Le sens unique,bar,2.3843502,48.8620382
3250652004,Meltdown Café,bar,2.3747389,48.8535077
3255872161,Le bar à k,bar,2.394742,48.8833291
3255886561,Antenne 19,bar,2.3904826,48.8799319
3261507440,L'embuscade,bar,2.3695864,48.8646356
3265513124,Little Red Door,bar,2.3635746,48.863671
3273432589,Brasserie Lola,bar,2.293777,48.8468219
3276247068,Objectif Lune,bar,2.3720001,48.8545936
3276835487,Pause café,bar,2.3664503,48.8525131
3278399852,Tabac des Charmes,bar,2.2949105,48.8457418
3280302977,P'tit bar presque au bout de la rue,bar,2.3487937,48.8659666
3280643562,Le Jean Nicot,bar,2.2520613,48.7684003
3287755128,bar le village,bar,2.2950702,48.9311749
3287758421,Bar-Tabac Ancienne Poste,bar,2.3013022,48.9308409
3294854202,Select,bar,2.3340055,48.8166077
3295643195,Le Reinitas,bar,2.2741742,48.7796078
3295643196,Bar Cave,bar,2.2729865,48.7791283
3306560467,Vintage Bar,bar,2.3549227,48.8572972
3328310404,Le Mange Disc,bar,2.4466559,48.8658459
3350297593,Salseros,bar,2.3466367,48.8525022
3350313193,La Grappe,bar,2.3462777,48.8524441
3351638375,Concoran's Irish Pub,bar,2.342432,48.8533371
3351700985,Le Bistro Saint André,bar,2.3416917,48.8533976
3351975909,Adam Café,bar,2.321573,48.8432025
3361545338,Aux petits tonneaux,bar,2.3657119,48.8683415
3361545686,numéro cinq,bar,2.3685066,48.8687159
3362439068,Bar de l'Avenue,bar,2.4060748,48.8444349
3373264632,Le Petit Garage,bar,2.3753758,48.8672368
3377853963,La Petite Chaise,bar,2.3669227,48.8609279
3378183771,Au Tonneau,bar,2.2422619,48.8076907
3378356693,Le 20134,bar,2.348781,48.8489709
3379306263,Le Tabarin,bar,2.3690689,48.8560387
3379687894,L'eau tomate,bar,2.3248676,48.8849326
3385726393,Monsieur Henri,bar,2.3624053,48.8634068
3391154020,"Sushi bar, d'avenir",bar,2.373487,48.8627059
3391851182,Les Fontaines,bar,2.3519694,48.8595197
3401860406,Le Brazza,bar,2.3561901,48.938284
3408837598,Chez Paco,bar,2.3257917,48.8866242
3409227497,Heure Sup',bar,2.2870416,48.8377991
3421390899,Le coq d'or,bar,2.3578763,48.8726554
3423747496,Bistrot,bar,2.3097361,48.9929884
3424526805,L'Escale,bar,2.4334307,48.8585401
3427081571,Celtic Corner,bar,2.2968775,48.8447782
3427251448,L'Iris,bar,2.300498,48.8419073
3429930019,Le forum,bar,2.3233815,48.8705967
3434564233,Le Supercoin,bar,2.3469515,48.8922517
3450123119,Au Picardie,bar,2.3571117,48.9437738
3450964496,Backstage,bar,2.3234506,48.8393548
3461183717,Bière et Malt,bar,2.3478369,48.8686585
3461210560,Le QG,bar,2.3714035,48.8542591
3461586772,La Grosse Caisse,bar,2.34286,48.8701731
3461703394,Le Rugby,bar,2.3203322,48.8735547
3468162433,La Rotonde,bar,2.3714977,48.8544368
3470039793,Le Royal Bar,bar,2.3500641,48.8646057
3473168506,Reina,bar,2.4232558,48.7991935
3475257293,Bar à Manger,bar,2.3458139,48.8585776
3481919693,À La Tour,bar,2.344581,48.8584254
3483620531,Le prospère,bar,2.3738796,48.8648343
3493292524,Lockwood,bar,2.3469536,48.8678143
3496852097,Voltigeur,bar,2.37346,48.8520765
3501719701,Au Fût et à Mesure,bar,2.3498183,48.8707201
3504996099,4 Elements,bar,2.3662218,48.8653506
3505695888,Le terminus,bar,2.3833291,48.8113607
3505721392,Chez Pat,bar,2.3838734,48.8119395
3508777803,Le Paris,bar,2.2882069,48.8195054
3512343285,Demory Paris,bar,2.3508801,48.8616762
3512354722,A la bière comme à la bière,bar,2.3912387,48.8722827
3515397525,Bar du Centre,bar,2.0594485,49.0606925
3515431494,Café des Sports,bar,2.0646253,49.060468
3518621993,Le Bouillon St Stef,bar,2.3922512,48.86918
3518901751,Lulu White,bar,2.3374527,48.881636
3519288964,Le Bistro 421,bar,2.2922347,48.8952646
3519591021,RockOut,bar,2.1440472,48.9450414
3523711150,One Piece,bar,2.3227016,48.7991611
3524434462,Les caves de Reuilly,bar,2.3907145,48.8393126
3531673926,Les Voisins,bar,2.3627608,48.8709974
3539216256,Le Doobie’s,restaurant;bar;nightclub,2.3047028,48.8688873
3544775470,L'industrie,bar,2.2333958,48.8772155
3544775471,Le Bourgogne,bar,2.233072,48.8767136
3558360515,Le Berny,bar,2.3083115,48.7623496
3564004394,Le Bistro de Halles,bar,2.3462239,48.860095
3574969793,Le Celtique,bar,2.7130866,48.8844799
3575298893,Le Perchoir,bar,2.3819312,48.8654079
3575298894,El Urbano Bar,bar,2.3815935,48.8663494
3575298896,Twenty One Sound Bar,bar,2.3807266,48.8516939
3583512077,Le Paris,bar,2.243354,48.7123471
3588040117,Le Maryland,bar,2.32687,48.8231458
3588249495,Le Quid,bar,2.3491265,48.8628407
3588251096,Le Max,bar,2.3483063,48.8627989
3588258394,L'Autobus Impérial,bar,2.3480392,48.8627203
3590099979,Le Favori,bar,2.6341541,48.5148827
3607886050,Au Bar Le Surène,bar,2.3220781,48.8704879
3608895539,guinguette,bar,1.9999523,48.9489112
3610382593,Le sophora,bar,1.999402,48.9385151
3610765089,Little Bastard,bar,2.3647493,48.8623527
3616131198,Le Paradis du Fruit,bar,2.3263619,48.8835254
3617859640,Le Rubis,bar,2.4002799,48.8405835
3621390697,Le Colbert,bar,2.3687437,48.8762107
3621414116,chez fistou,bar,2.3875237,48.8620563
3621414327,Le Byzance,bar,2.3859094,48.862398
3621414361,qbar,bar,2.386917,48.8594496
3621414362,au rendez-vous des artistes,bar,2.386315,48.8605216
3621797194,La Cave du Grand Turenne,bar,2.3653036,48.8650075
3623613615,Bar tabac,bar,2.3509155,48.838739
3641592030,freinville,bar,2.5196308,48.9276746
3643124793,Le Buron,bar,2.3449034,48.8351664
3643372594,57,bar,2.3486051,48.8306236
3647581409,La Quille,bar,2.2197399,48.8975505
3647811230,Le Nemrod,bar,2.3870229,48.841353
3651433763,Poule Up !,bar,2.3404212,48.8623979
3653081802,bar du marché,bar,2.3705,48.8551471
3653361132,Feeling Bar,bar,2.3539865,48.858866
3653361134,Freedj,bar,2.3548381,48.8585639
3653361135,Spyce,bar,2.3555074,48.8583304
3653361137,Résistance,bar,2.3567059,48.8580893
3654530601,l'annexe kawa,bar,2.3723149,48.8635229
3655426578,Le Paris,bar,2.3986403,48.9093565
3658681025,Restaurant Le Timgad,bar,2.2528727,48.8967092
3659114784,La Bourse,bar,2.3627195,48.8691119
3661339220,Le mouton blanc,bar,2.0446795,48.928093
3662340670,Ober Mamma,bar,2.3701571,48.8644404
3667219646,Le saint Raphaël,bar,1.9751719,48.9810193
3668183473,La Chope,bar,2.3407374,48.8752683
3668191926,Le Vizir,bar,2.3396891,48.8746488
3671703036,Piscadou,bar,2.4006616,48.9118604
3676404913,Le Printania,bar,2.1583191,48.9380225
3678837017,Mega bar,bar,2.3936693,48.9054224
3678837024,Le Maryland,bar,2.3938547,48.9056002
3678910999,Le Jockey,bar,2.163634,48.942155
3679952031,Le carrefour,bar,2.3921122,48.9039975
3681741348,Dock 39,bar,2.7515917,48.8577609
3681903328,Le Paris - Bordeaux,bar,2.3934326,48.9052033
3688065158,Le Saint-Martin,bar,2.3588895,48.8689702
3688329409,pub fiction,bar,2.3788042,48.8643061
3697203740,Brasserie des voyageurs,bar,2.4607276,48.8959648
3700828906,Le lucky,bar,2.3464599,48.8676631
3701100011,Tabac Le Liège,bar,2.3268768,48.8795128
3701100018,L'Estaminet Liège,bar,2.3288634,48.8797527
3703603481,Le Campanella,bar,2.6590592,48.5378921
3704862537,Bar brasserie Les Marronniers,bar,2.5760758,48.8635854
3704862538,Bar Brasserie Le Brazza,bar,2.5761415,48.863169
3708580900,Café du Théâtre,bar,2.3419972,48.883557
3713373616,Café A,bar,2.3602466,48.8753041
3716024170,L'Hélice Bar,bar,2.341329,48.8835388
3724421447,Le Marceau,bar,2.2459311,48.899534
3726704695,Le Celtique,bar,2.2643965,48.9007896
3734547794,Teddy's Bar,bar,2.3494675,48.8450006
3739718749,Le Vincennes,bar,3.1297883,48.9267994
3740240510,Rosa Bonheur sur Seine,bar,2.3153672,48.8632512
3748962747,Le Saint Germain,bar,1.9698141,48.770201
3752115870,Le Marigny,bar,2.3979437,48.9025794
3753251577,Le Jean Nicot,bar,2.4308897,48.8572279
3759819914,Bar des 3 Communes,bar,2.7045721,48.8811028
3760641966,La Rotonde,bar,2.369614,48.883457
3765270124,Le Longchamp,bar,2.618291,48.984039
3770622888,Arty,bar,2.330699,48.8698417
3771869602,Bar Tabac de l'Alma,bar,2.5040126,48.8350206
3775315457,Un Bistrot en Ville,bar,2.325099,48.8804352
3775824132,Comptoir,bar,2.4012936,48.9029288
3778420759,Thé Art Café,bar,2.7048457,48.8774694
3778420760,Le Saint-Furcy,bar,2.7044031,48.8775505
3778420761,Café de l'Abbaye,bar,2.7046847,48.8775788
3778436917,Le Petit Marquis,bar,2.3190225,48.8833129
3779249000,Klein Holland,bar,2.3579757,48.8563599
3781068782,Au P'tit bar,bar,2.344461,48.9137388
3781119367,Captain’s Quarters,bar,2.7889825,48.8655602
3781119369,Fisherman’s Wharf,bar,2.7895082,48.8656271
